fullname,birthYear,gender,province
Phan Thị Quỳnh,1978,Nữ,Bình Phước
Dương Văn Sơn,1986,Nam,TP. Hồ Chí Minh
Vũ Văn Trọng,2000,Nam,Bắc Giang
Lương Văn Trọng,1976,Nam,Lạng Sơn
Vũ Nguyễn Duy Khánh,1998,Nam,Đồng Tháp
Lê Thị Hằng,1993,Nữ,Bình Phước
Hồ Văn Nhân,1970,Nam,Bình Thuận
Vũ Văn Khoa,1996,Nam,Tây Ninh
Bùi Văn Quốc Bảo,1988,Nam,Hà Nam
Dương Thị Trang Bích,1992,Nữ,Tây Ninh
Bùi Thị Liên Phương,1978,Nữ,Lai Châu
Lý Văn Lương,1986,Nam,Lào Cai
Đỗ Thị Thúy,1990,Nữ,Lai Châu
Hồ Cao Ái Vy,1993,Nữ,Hải Phòng
Trần Nguyễn Thủy Tiên,1992,Nam,Khánh Hòa
Hoàng Trần Thọ Phát,1967,Nam,Ninh Bình
Hồ Lê Quỳnh Anh,1972,Nữ,Điện Biên
Lương Văn An,1966,Nam,Bến Tre
Cao Đặng Cao Minh,2001,Nam,Đồng Nai
Hồ Văn Kiên,1996,Nam,Hưng Yên
Ngô Thị Uyên Thư,1988,Nữ,Hải Phòng
Dương Thị Oanh,2004,Nữ,An Giang
Phạm Văn Hòa,1974,Nam,Điện Biên
Phạm Văn Lực,1995,Nam,Lào Cai
Lương Thị Tuyết,2002,Nữ,Bắc Kạn
Đặng Văn Quân,1989,Nam,Hưng Yên
Dương Văn Hùng Anh,1985,Nam,Ninh Thuận
Phan Thị Thủy Thanh,1991,Nữ,Kon Tum
Hồ Thị Liên,2010,Nữ,Hải Phòng
Nguyễn Thị Nguyệt Ánh,1999,Nữ,Hà Nội
Phạm Thị Thu,2002,Nữ,Thanh Hóa
Lương Nguyễn Quân Đạt,2009,Nam,Lào Cai
Trần Thị Loan,1992,Nữ,Ninh Bình
Vũ Hồ Khánh Hòa,1965,Nam,Đồng Nai
Đặng Cao Xuân Lan,1993,Nữ,Vĩnh Phúc
Hồ Văn Nhật Minh,1989,Nam,Bình Phước
Hoàng Vũ Liên Anh,1995,Nữ,Sóc Trăng
Lý Huỳnh Hoàng Nam,1954,Nam,Hà Nội
Huỳnh Văn Văn,1987,Nam,Lào Cai
Bùi Thị Nga,1966,Nữ,Cần Thơ
Phạm Dương Gia Bảo,1984,Nam,Điện Biên
Bùi Thị Uyên,1965,Nữ,Đồng Nai
Huỳnh Hồ Đông Trà,2002,Nữ,Bình Phước
Lý Văn Khoa,1999,Nam,Cần Thơ
Vũ Văn Anh Dũng,2002,Nam,Lâm Đồng
Bùi Thị Yến Chi,1981,Nữ,Ninh Thuận
Lý Thị Trang Anh,1989,Nữ,Vĩnh Long
Lý Ngô Quỳnh Hương,2000,Nữ,Quảng Nam
Vũ Thị Chi,2004,Nữ,Thái Bình
Huỳnh Thị Uyên,1971,Nữ,Bến Tre
Lý Lê Bảo Ngọc,1988,Nam,Hòa Bình
Trần Văn Tuấn,1985,Nam,Nghệ An
Lê Văn Dũng,2009,Nam,Bắc Ninh
Đỗ Văn Trung,1994,Nam,Bắc Kạn
Nguyễn Bùi Nhật Minh,1997,Nam,Bình Thuận
Nguyễn Thị Phương,1974,Nữ,Thái Nguyên
Hồ Phạm Việt Hùng,1990,Nam,Quảng Trị
Dương Lý Thúy Kiều,1980,Nữ,Thái Nguyên
Vũ Văn Kiên,1997,Nam,Long An
Lý Thị Chi,2010,Nữ,Hải Dương
Ngô Thị Ái,1994,Nữ,Lào Cai
Nguyễn Văn Anh Dũng,1976,Nam,Bình Phước
Phan Thị Mi,2003,Nữ,Quảng Ninh
Bùi Văn Phong,1987,Nam,Đồng Nai
Trần Nguyễn Nguyên Hoàng,1987,Nam,Quảng Nam
Lý Thị Thiên Kim,1998,Nữ,Lai Châu
Vũ Ngô Thúy Kiều,2001,Nữ,Đồng Nai
Hoàng Thị Thúy Kiều,1990,Nữ,Quảng Bình
Lê Thị Liên,1995,Nữ,Tây Ninh
Phan Thị Phương Thảo,1997,Nữ,Hậu Giang
Huỳnh Thị Thi,1986,Nữ,Hải Dương
Cao Văn Đại Phong,2001,Nam,Long An
Ngô Thị Hương,1996,Nữ,Hưng Yên
Ngô Thị Loan,1989,Nữ,Phú Thọ
Hoàng Văn Danh,1994,Nam,Cần Thơ
Cao Văn Khánh Hòa,1986,Nam,Hậu Giang
Lương Thị Diễm,1992,Nữ,Bắc Ninh
Đặng Lê Yến Chi,2004,Nữ,Đồng Nai
Ngô Văn Đạt,1972,Nam,Quảng Bình
Đặng Văn Nhân,2002,Nam,Phú Thọ
Dương Văn Đạt,1969,Nam,Hà Giang
Phạm Văn Nhân,1970,Nam,Tuyên Quang
Nguyễn Thị Hà,1987,Nữ,Bến Tre
Lý Huỳnh Đại Phong,1985,Nam,Hậu Giang
Bùi Văn Thành,1974,Nam,Quảng Bình
Nguyễn Văn Nam,1969,Nam,Bình Định
Đỗ Văn Phong,1995,Nam,Hưng Yên
Hoàng Văn Hùng Anh,1980,Nam,Quảng Bình
Đặng Thị Đông,1993,Nữ,Long An
Hoàng Thị Đan,1991,Nữ,Quảng Bình
Lương Thị My,1968,Nữ,Hà Tĩnh
Dương Trần Sơn Tùng,2010,Nam,TP. Hồ Chí Minh
Hồ Thị Thu,1997,Nữ,Hưng Yên
Hồ Văn Ngọc,1965,Nam,Bình Phước
Bùi Thị My,1952,Nữ,Trà Vinh
Cao Văn Anh Dũng,1993,Nam,Thừa Thiên Huế
Trần Văn Thiên Ân,2003,Nam,Lào Cai
Lý Văn Bình,2003,Nam,Đắk Lắk
Phan Hồ Quốc Bảo,1987,Nam,Phú Thọ
Đỗ Văn Việt,1996,Nam,Bạc Liêu
Lê Văn Tâm,1989,Nam,Lai Châu
Huỳnh Văn Thịnh,2001,Nam,Hải Phòng
Vũ Thị Quyên,1977,Nữ,Đắk Lắk
Vũ Văn Nhật,1986,Nam,Hưng Yên
Hoàng Thị Xuân Thảo,1993,Nữ,Hải Dương
Vũ Văn Quốc Bảo,2000,Nam,Bình Phước
Đặng Đỗ Minh Tuấn,1996,Nam,Hưng Yên
Lý Văn Lâm Phong,1998,Nam,Lào Cai
Đỗ Phạm Bảo Long,2004,Nam,Cao Bằng
Vũ Văn Cường,1978,Nam,Bắc Kạn
Lý Văn Giang,2002,Nam,Bắc Ninh
Bùi Thị Trinh,1986,Nữ,Quảng Ngãi
Bùi Văn Dũng,1990,Nam,Hậu Giang
Hồ Thị Nguyên Mai,1988,Nữ,Ninh Bình
Đỗ Thị Diễm,1986,Nữ,Hà Tĩnh
Bùi Văn Đạt,1996,Nam,Cần Thơ
Đặng Văn Tùng,2002,Nam,Hòa Bình
Phạm Thị Tuyết,1968,Nữ,Bình Định
Huỳnh Văn Kiên,2002,Nam,Lạng Sơn
Hồ Văn Nhân,1964,Nam,Hậu Giang
Nguyễn Văn Thọ Phát,1998,Nam,Kiên Giang
Lý Thị Điệp Trang,1998,Nữ,Hà Giang
Đặng Thị Đào,2003,Nữ,Tây Ninh
Phạm Thị Liên,1972,Nữ,Bà Rịa-Vũng Tàu
Lê Thị Thảo Hương,1990,Nữ,Yên Bái
Phạm Văn Ngọc Hiếu,1996,Nam,Đồng Nai
Cao Thị Thủy Thanh,1986,Nữ,Hậu Giang
Vũ Thị An,1969,Nữ,Đắk Lắk
Trần Thị Thảo,1981,Nữ,Đà Nẵng
Lê Văn Gia,1968,Nam,Kiên Giang
Lương Phạm Phúc An,1985,Nam,Nghệ An
Đỗ Văn Triệu,2002,Nam,Điện Biên
Lê Đỗ Bảo Ngọc,1965,Nam,Hà Nam
Bùi Lê Trinh Hương,1991,Nữ,Bình Định
Vũ Hồ Hằng Nga,1957,Nữ,Bà Rịa-Vũng Tàu
Lý Thị Kim,2006,Nữ,Bình Thuận
Lê Văn Vinh,1965,Nam,Thừa Thiên Huế
Bùi Thị Diễm,1981,Nữ,Bình Phước
Phạm Văn Tân,1989,Nam,Nam Định
Lương Vũ Phúc An,2003,Nam,Bạc Liêu
Trần Văn Quốc Bảo,1997,Nam,Bình Phước
Lương Văn Khoa,1991,Nam,Yên Bái
Hoàng Lý Như Quỳnh,1989,Nữ,Bắc Kạn
Dương Thị Hạnh,1989,Nữ,Long An
Nguyễn Thị Loan,2004,Nữ,Kiên Giang
Hồ Thị Thảo My,1989,Nữ,Hà Nam
Nguyễn Bùi Ân Hạ,1969,Nữ,Quảng Ninh
Bùi Văn Đăng,1986,Nam,Kiên Giang
Trần Văn Khoa,1996,Nam,Bến Tre
Lý Thị Đan,1966,Nữ,Đồng Nai
Dương Thị Loan,1989,Nữ,Hải Phòng
Vũ Văn Bình,1987,Nam,Đà Nẵng
Nguyễn Thị Oanh Hồng,2001,Nữ,Bình Phước
Bùi Lương Trinh Thảo,1990,Nữ,Hải Dương
Dương Văn Tâm,1988,Nam,Thái Nguyên
Phan Thị Đông,1982,Nữ,Quảng Nam
Dương Thị Thảo My,1981,Nữ,Đắk Nông
Lý Văn Nguyên Hoàng,1988,Nam,Vĩnh Long
Lý Thị Như,1975,Nữ,Nam Định
Bùi Văn Thọ Phát,1987,Nam,Quảng Trị
Hồ Cao Ẩn Thi,1954,Nữ,Quảng Ngãi
Đỗ Văn Vinh,2002,Nam,Hà Nam
Lê Đặng Dung Hà,2001,Nữ,Hà Nội
Trần Văn Gia Bảo,1964,Nam,Gia Lai
Dương Thị Quyên,1992,Nữ,Lạng Sơn
Đỗ Văn Giang,1945,Nam,Thái Bình
Vũ Thị Hoài An,1999,Nữ,Hà Giang
Lý Văn Trung,1968,Nam,Đồng Tháp
Ngô Thị Diễm,1991,Nữ,Bắc Kạn
Hồ Huỳnh Trọng Đại,2009,Nam,Quảng Trị
Bùi Văn Nam Trung,2010,Nam,Phú Thọ
Lương Văn Đức,2004,Nam,Bình Thuận
Ngô Nguyễn Hương Giang,1985,Nữ,Lạng Sơn
Hồ Thị Loan,1979,Nữ,Đà Nẵng
Cao Văn Long Thành,2003,Nam,Bến Tre
Vũ Văn Nhật,1996,Nam,Nam Định
Lê Thị My,1989,Nữ,Bình Phước
Trần Văn Phúc,1989,Nam,Thái Bình
Phan Trần Ân Ngọc,1976,Nữ,Kiên Giang
Phạm Thị Kim Chi,1988,Nữ,Bình Định
Trần Thị Mai,1991,Nữ,Thái Bình
Hoàng Văn Quốc,2004,Nam,Hà Tĩnh
Bùi Thị Hoài An,2003,Nữ,Lạng Sơn
Ngô Văn Khánh Hòa,1989,Nam,Lai Châu
Bùi Thị Quyên,2010,Nữ,Vĩnh Long
Đỗ Đặng Yến Nhi,1998,Nữ,Bắc Giang
Phạm Vũ Chi Mai,1971,Nữ,Cà Mau
Ngô Lương Lan Anh,1964,Nữ,Bình Thuận
Đặng Văn Đăng,1991,Nam,Yên Bái
Nguyễn Lê Trinh Hương,1992,Nữ,Thái Bình
Ngô Văn Quốc,1987,Nam,Hòa Bình
Dương Thị Chi,1994,Nữ,Quảng Trị
Phan Văn Gia Bảo,1988,Nam,Thái Bình
Dương Thị Hạnh,1975,Nữ,Bình Thuận
Huỳnh Thị Yến Nhung,2003,Nữ,Khánh Hòa
Nguyễn Đỗ Hạnh Dung,1996,Nữ,Quảng Nam
Vũ Thị Uyên Thư,1967,Nữ,Hà Giang
Phan Văn Thành,1978,Nam,Yên Bái
Hoàng Văn Hải,1999,Nam,Đồng Tháp
Đỗ Văn Giang,1966,Nam,Đắk Lắk
Hoàng Huỳnh Dung Hà,1971,Nữ,Nam Định
Dương Thị Chi,1990,Nữ,Long An
Lương Thị Ẩn Thư,1985,Nữ,Gia Lai
Lương Văn Long,1993,Nam,Tuyên Quang
Phan Hoàng Quỳnh Anh,1986,Nữ,Bạc Liêu
Lý Văn Minh,1987,Nam,Đà Nẵng
Đỗ Trần Trinh Hương,1973,Nữ,Điện Biên
Lương Văn Bình,1992,Nam,Cao Bằng
Nguyễn Văn Cường,1991,Nam,Hòa Bình
Dương Văn Long Thành,2003,Nam,Đồng Tháp
Hoàng Hồ Thành Đạt,1999,Nam,Phú Thọ
Bùi Thị Quyên,1989,Nữ,Tây Ninh
Đặng Thị Thu Huyền,2000,Nữ,Sóc Trăng
Vũ Thị Yến,1994,Nữ,Lai Châu
Lương Vũ Hùng Anh,1991,Nam,Trà Vinh
Phạm Thị Ẩn Mai,1992,Nữ,Hưng Yên
Lương Thị Bích,1993,Nữ,Đồng Nai
Phạm Văn Đạt,1994,Nam,Yên Bái
Bùi Văn Anh Tuấn,1985,Nam,Bình Dương
Đặng Văn Lực,1993,Nam,An Giang
Lê Thị Ngọc,1991,Nữ,Thừa Thiên Huế
Đặng Đỗ Bảo Long,1990,Nam,Gia Lai
Nguyễn Trần Hải Đăng,1984,Nam,Vĩnh Long
Trần Phan Uyên Nhi,1974,Nữ,Thừa Thiên Huế
Đỗ Thị Đào,1985,Nữ,Lào Cai
Lê Văn Thắng,1985,Nam,Long An
Dương Thị Kim Chi,1971,Nữ,Phú Thọ
Phan Thị Uyên,1997,Nữ,Bắc Kạn
Hoàng Thị Phương,1998,Nữ,Quảng Ninh
Ngô Phạm Thảo My,1986,Nữ,Thái Bình
Đặng Thị Phương Anh,1997,Nữ,Lai Châu
Đặng Văn Nam Trung,1955,Nam,Hậu Giang
Đỗ Cao Ngọc Anh,1985,Nữ,Lạng Sơn
Bùi Văn Hà,1994,Nam,Hòa Bình
Hồ Thị Thu,1989,Nữ,Long An
Đặng Ngô Ẩn Thi,1997,Nữ,Gia Lai
Đặng Trần Đạt Phúc,1997,Nam,Tây Ninh
Phạm Thị Như,1988,Nữ,Bắc Giang
Trần Đặng Xuân Lan,1985,Nữ,Ninh Bình
Trần Đỗ Yến Chiến,2003,Nam,Lạng Sơn
Cao Văn Nhân,1994,Nam,Bình Thuận
Vũ Thị Diễm,1993,Nữ,Khánh Hòa
Huỳnh Thị Đông Trà,1970,Nữ,Lai Châu
Nguyễn Dương Hạnh Dung,2003,Nữ,Bình Phước
Hoàng Văn Sơn,1998,Nam,Bình Dương
Vũ Ngô Sơn Tùng,1987,Nam,Lai Châu
Hồ Trần Ẩn Thư,1980,Nữ,Tuyên Quang
Cao Thị Thi,2006,Nữ,Hà Giang
Huỳnh Đặng Vinh Phúc,1968,Nam,Bình Thuận
Dương Văn Sơn,1995,Nam,Quảng Trị
Phạm Văn Khánh Hòa,1990,Nam,Sơn La
Lương Văn Duy Khánh,1979,Nam,Tây Ninh
Ngô Văn Trọng Đại,2000,Nam,Đắk Lắk
Ngô Thị Điệp,1990,Nữ,Hà Tĩnh
Vũ Thị Linh,1997,Nữ,Thanh Hóa
Dương Thị Mi,1997,Nữ,Bình Phước
Đặng Văn Thành,1977,Nam,Khánh Hòa
Phạm Thị Diễm,1971,Nữ,TP. Hồ Chí Minh
Nguyễn Huỳnh Quân Đạt,1998,Nam,Quảng Ngãi
Ngô Văn Đức,1985,Nam,Kon Tum
Đỗ Vũ Xuân Mai,2005,Nữ,Quảng Nam
Hoàng Trần Tuyết Mai,1994,Nữ,Kiên Giang
Hồ Dương Thúy Hằng,2001,Nữ,Gia Lai
Phạm Cao Hồng Anh,1994,Nữ,Bạc Liêu
Bùi Văn Duy Hải,1991,Nam,Bến Tre
Cao Văn Yến Chiến,1971,Nam,Hải Phòng
Hoàng Huỳnh Chi Mai,2003,Nữ,Đắk Nông
Phạm Văn Hùng,1972,Nam,Thái Nguyên
Lương Thị Thúy Hằng,1989,Nữ,Kon Tum
Cao Thị Xuân,1994,Nữ,Kon Tum
Ngô Văn Nam Trung,1996,Nam,Vĩnh Phúc
Trần Văn Khánh Hòa,1985,Nam,Nam Định
Đặng Thị Yến Chi,1980,Nữ,Sóc Trăng
Trần Phan Trinh Thảo,1999,Nữ,Tiền Giang
Đỗ Lương Cao Thắng,1996,Nam,Bình Phước
Huỳnh Nguyễn Thủy Tiên,1978,Nam,Sóc Trăng
Đỗ Văn Triệu,1987,Nam,Hà Giang
Phạm Đỗ Đào Mai,1994,Nữ,Quảng Bình
Đỗ Bùi Loan Nguyễn,1952,Nữ,Cà Mau
Phan Thị Thúy Kiều,1988,Nữ,Cao Bằng
Lương Bùi Long Thành,1986,Nam,Ninh Thuận
Đỗ Văn Lâm Phong,1993,Nam,Bình Thuận
Phạm Thị Nga,1987,Nữ,Thái Bình
Hoàng Bùi Quỳnh Chi,1995,Nữ,Phú Yên
Trần Lê Ngọc Anh,1969,Nữ,Thừa Thiên Huế
Huỳnh Đỗ Hạnh Dung,1973,Nữ,Kiên Giang
Đỗ Văn Hà,1986,Nam,Sóc Trăng
Nguyễn Văn Trọng Đại,2004,Nam,Tuyên Quang
Ngô Văn Gia,1989,Nam,Hải Phòng
Dương Thị An,1997,Nữ,Bắc Giang
Đỗ Lý Trinh Thảo,1950,Nữ,Trà Vinh
Huỳnh Văn Quân,1982,Nam,Lâm Đồng
Lương Thị Ngọc,2000,Nữ,Hải Dương
Nguyễn Vũ Hoài An,2003,Nữ,Tuyên Quang
Lý Văn Khánh Hòa,1988,Nam,Hà Giang
Vũ Văn Đức Anh,1998,Nam,Phú Thọ
Phạm Vũ Lâm Phong,2003,Nam,Hà Nam
Huỳnh Thị Mi,2003,Nữ,Phú Yên
Lê Phạm Hải Đăng,1984,Nam,Kon Tum
Hồ Thị Đoan,1990,Nữ,Hậu Giang
Lý Thị Ái Vy,1968,Nữ,Hòa Bình
Đặng Thị Đoan,1986,Nữ,Long An
Huỳnh Phạm Thiên Nga,2003,Nữ,Cà Mau
Dương Văn Thọ Phát,1987,Nam,Bắc Kạn
Bùi Thị Liên,2003,Nữ,Hưng Yên
Nguyễn Phan Anh Dũng,1991,Nam,Long An
Phan Văn Đức,1987,Nam,Đắk Nông
Hồ Văn Duy Khánh,1997,Nam,Hà Nội
Phạm Thị Phương,2000,Nữ,Hà Tĩnh
Huỳnh Văn Minh Tuấn,2008,Nam,Thái Bình
Vũ Văn Văn,1949,Nam,Thái Bình
Đỗ Cao Đoan Hương,1967,Nữ,Quảng Bình
Huỳnh Thị Trang,1950,Nữ,Kiên Giang
Đỗ Văn Hoàng,1997,Nam,Nghệ An
Lý Văn Thịnh,1993,Nam,Long An
Vũ Thị Mi,2003,Nữ,Lai Châu
Đặng Thị Loan Nguyễn,1990,Nữ,Trà Vinh
Hồ Phan Thảo Hương,2002,Nữ,Đồng Nai
Nguyễn Thị Thủy,1979,Nữ,Nghệ An
Cao Thị Liên,1989,Nữ,Nam Định
Trần Văn Trung,1993,Nam,Hưng Yên
Ngô Cao Uyên Chi,1963,Nữ,An Giang
Trần Thị Mi,1990,Nữ,Bình Thuận
Phan Hồ Thúy Hạnh,1986,Nữ,Đồng Tháp
Lý Văn Việt,1946,Nam,Vĩnh Phúc
Huỳnh Thị Hoài,1980,Nữ,Cần Thơ
Lý Văn Nhân,1976,Nam,Đắk Lắk
Phạm Văn Ngọc,1981,Nam,Nghệ An
Hồ Thị Xuân,1988,Nữ,Kon Tum
Cao Thị Thu Hường,1993,Nữ,Bắc Ninh
Lương Thị Hạnh,1996,Nữ,Tuyên Quang
Phạm Văn Tuấn,2007,Nam,Hà Nội
Đỗ Văn Hoàng,1990,Nam,Vĩnh Phúc
Phạm Phan Đông Nga,1992,Nữ,Kiên Giang
Cao Văn Giang,2001,Nam,Bà Rịa-Vũng Tàu
Nguyễn Hồ Gia Bảo,1990,Nam,Hà Tĩnh
Phạm Văn Quân Đạt,2001,Nam,Thái Bình
Trần Hồ Ngọc Hiếu,1993,Nam,Bình Phước
Hồ Văn Quân Đạt,1995,Nam,Bà Rịa-Vũng Tàu
Bùi Thị Đào,1970,Nữ,Bạc Liêu
Hồ Văn Việt Hùng,2001,Nam,Thanh Hóa
Phan Thị Ẩn,1987,Nữ,Vĩnh Phúc
Lương Nguyễn Đông Trà,1980,Nữ,Quảng Ninh
Nguyễn Thị Thi,1983,Nữ,Đà Nẵng
Cao Thị Yến Chi,1969,Nữ,Gia Lai
Lý Thị Xuân,1990,Nữ,Bình Phước
Phan Hoàng Yến Chiến,2003,Nam,Tây Ninh
Vũ Thị Ngân,1996,Nữ,Quảng Bình
Phạm Thị Oanh,1998,Nữ,Tây Ninh
Lý Thị Uyên Nhi,2001,Nữ,Thái Nguyên
Trần Vũ Thủy Tiên,1992,Nam,Vĩnh Long
Nguyễn Văn Quốc Bảo,1996,Nam,TP. Hồ Chí Minh
Phan Ngô Lan Anh,1987,Nữ,Trà Vinh
Lương Cao Phương Anh,1967,Nữ,Long An
Ngô Thị My,1989,Nữ,Quảng Bình
Ngô Thị Lan,1969,Nữ,Đắk Lắk
Ngô Lương Ngân Hà,2001,Nữ,Lâm Đồng
Hồ Thị Thiên Kim,2005,Nữ,Đắk Nông
Đỗ Thị Thu,2002,Nữ,Hậu Giang
Trần Phạm Lâm Phong,1994,Nam,Tuyên Quang
Phan Văn Khánh,2002,Nam,Phú Thọ
Đặng Bùi Nhật Minh,1996,Nam,Cần Thơ
Bùi Thị Hạnh Dung,1981,Nữ,Quảng Nam
Vũ Văn Đức,1993,Nam,Sơn La
Huỳnh Văn Tùng,1974,Nam,Đắk Nông
Nguyễn Văn Tâm,1968,Nam,Lào Cai
Phạm Văn Phúc,1989,Nam,Lâm Đồng
Huỳnh Phạm Hà My,2002,Nữ,An Giang
Đỗ Thị Chi,1985,Nữ,Lạng Sơn
Ngô Văn Kiên,1982,Nam,Bình Phước
Huỳnh Thị Đoan,1997,Nữ,Bình Thuận
Dương Thị Mi,2001,Nữ,Thanh Hóa
Phạm Hoàng Vinh Phúc,1996,Nam,Quảng Nam
Hồ Cao Ẩn Mai,1994,Nữ,Hà Nội
Lý Văn Thắng,1986,Nam,Đà Nẵng
Đỗ Văn Văn,2005,Nam,Bắc Giang
Dương Văn Hùng,1988,Nam,Lào Cai
Ngô Thị Uyên Nhi,1992,Nữ,Long An
Bùi Dương Ngọc Hiếu,2002,Nam,Bình Thuận
Vũ Dương Đoan Hương,1998,Nữ,Hòa Bình
Cao Thị Thu,1985,Nữ,Thừa Thiên Huế
Lý Trần Ẩn Thư,1977,Nữ,Bắc Giang
Huỳnh Văn Thủy Tiên,2001,Nam,Lào Cai
Dương Văn Hải,1988,Nam,Nghệ An
Dương Hoàng Thiên An,1965,Nữ,Vĩnh Long
Nguyễn Văn Hà,1982,Nam,Hải Phòng
Đỗ Thị Phương,1993,Nữ,Vĩnh Phúc
Cao Thị Loan,2008,Nữ,Hà Giang
Trần Lê Loan Bích,1983,Nữ,Hậu Giang
Lương Văn Duy Hải,1994,Nam,Hà Nam
Đỗ Thị Quỳnh Anh,1968,Nữ,Quảng Bình
Cao Văn An,1965,Nam,Bình Phước
Cao Văn Long Thành,1989,Nam,Lai Châu
Đặng Thị Diễm,1992,Nữ,Đắk Nông
Trần Văn Nhật Minh,1998,Nam,Bình Phước
Nguyễn Văn Tài,1958,Nam,Thừa Thiên Huế
Phạm Thị Phương,1990,Nữ,Bình Thuận
Đặng Thị Bích,1997,Nữ,Gia Lai
Huỳnh Thị Quyên,1994,Nữ,Cà Mau
Đỗ Thị Hoài,2000,Nữ,Bình Dương
Lý Văn Giang,1993,Nam,Tiền Giang
Cao Văn Danh,1993,Nam,Kon Tum
Hồ Lý Trang Ngọc,1990,Nữ,Bắc Ninh
Lý Thị Yến,1950,Nữ,Điện Biên
Huỳnh Lê Hùng Anh,1977,Nam,Kon Tum
Huỳnh Thị Uyên Chi,1987,Nữ,Lào Cai
Dương Văn Thành,1972,Nam,Bắc Kạn
Hồ Thị Trinh Thảo,1969,Nữ,An Giang
Phạm Thị Ngọc,1986,Nữ,Hải Dương
Phạm Thị Diễm,1972,Nữ,Bình Dương
Lý Thị Loan,2002,Nữ,Sóc Trăng
Phạm Văn Yến Chiến,1986,Nam,Hòa Bình
Đỗ Thị Đông,1988,Nữ,TP. Hồ Chí Minh
Cao Hoàng Đào Mai,1995,Nữ,Hưng Yên
Phan Văn Đạt,1991,Nam,Thanh Hóa
Vũ Ngô Tuấn Anh,1995,Nam,Hậu Giang
Đặng Thị Mai,1988,Nữ,Nghệ An
Lý Thị Dung,2004,Nữ,Sơn La
Phan Thị Mi,1985,Nữ,Kiên Giang
Dương Thị Thủy,1992,Nữ,Phú Thọ
Nguyễn Bùi Gia Bảo,1977,Nam,Phú Thọ
Cao Ngô Hương Giang,1989,Nữ,Hà Tĩnh
Cao Thị Ngọc,2005,Nữ,Hà Tĩnh
Đặng Thị Uyên,1993,Nữ,Sơn La
Huỳnh Văn Tuấn Anh,1999,Nam,Đắk Lắk
Đặng Thị Yến,1985,Nữ,Hòa Bình
Phạm Văn Tài,1982,Nam,Bình Phước
Trần Thị Thúy,2003,Nữ,Long An
Trần Thị Hạnh,1991,Nữ,Long An
Đặng Văn Phong Thanh,1997,Nam,Bình Phước
Đặng Lương Ân Ngọc,2002,Nữ,Sóc Trăng
Bùi Thị Bích,1980,Nữ,Bến Tre
Hồ Thị Uyên,1988,Nữ,Sơn La
Bùi Văn Quân Đạt,1987,Nam,Quảng Ninh
Đặng Thị Quyên Nguyễn,2002,Nữ,Lào Cai
Đặng Văn Nam,2004,Nam,Đà Nẵng
Đỗ Thị Uyên,1996,Nữ,Cà Mau
Trần Thị Hà,1987,Nữ,Bắc Giang
Dương Văn An,1987,Nam,Bình Phước
Đỗ Thị Thiên Nga,1983,Nữ,Ninh Bình
Đặng Đỗ Việt Hùng,2007,Nam,Khánh Hòa
Trần Hồ Duy Hải,1985,Nam,Kon Tum
Cao Thị Hạnh,1965,Nữ,Long An
Dương Thị Trinh,1971,Nữ,Khánh Hòa
Đặng Văn Quốc Bảo,1990,Nam,Long An
Trần Văn Hoàng,2006,Nam,Tây Ninh
Trần Văn Tùng,1971,Nam,Bình Định
Ngô Văn Cường,1988,Nam,Bạc Liêu
Bùi Thị Loan,2002,Nữ,Bến Tre
Trần Nguyễn Quỳnh Chi,2000,Nữ,Ninh Bình
Đặng Vũ Trang Bích,1967,Nữ,Hà Nam
Lê Cao Mi Di,1972,Nữ,Cao Bằng
Bùi Trần Uyên Thư,1972,Nữ,Bình Phước
Phan Cao Loan Mai,1992,Nữ,Hưng Yên
Nguyễn Thị Ân Ngọc,1952,Nữ,Tuyên Quang
Vũ Thị Nguyên Mai,1980,Nữ,Hải Dương
Cao Thị Loan,1997,Nữ,Trà Vinh
Trần Thị Như Quỳnh,1987,Nữ,Cao Bằng
Đỗ Văn Lương,2006,Nam,Nam Định
Đỗ Thị Ẩn,1966,Nữ,Quảng Bình
Cao Lý Thủy Tiên,1967,Nữ,Hải Dương
Huỳnh Ngô Bảo Ngọc,1977,Nam,Lạng Sơn
Đặng Cao Quốc Bảo,1998,Nam,Đắk Nông
Dương Văn Nhật Minh,1969,Nam,Kiên Giang
Lương Đỗ Lâm Phong,2004,Nam,Vĩnh Phúc
Đặng Thị Quỳnh,1980,Nữ,Lạng Sơn
Vũ Văn Tuấn,2004,Nam,Sóc Trăng
Lý Thị Dung,2002,Nữ,Bình Dương
Đỗ Văn Tài,1988,Nam,Hà Giang
Bùi Văn Cường,1944,Nam,Bình Thuận
Cao Thị Diễm,1998,Nữ,Lạng Sơn
Đỗ Thị My Linh,2010,Nữ,Gia Lai
Nguyễn Văn Thành,2005,Nam,Vĩnh Phúc
Lý Văn Hòa,2004,Nam,Bình Thuận
Hồ Văn Bình,1971,Nam,Vĩnh Long
Nguyễn Lý Thúy Kiều,1985,Nữ,Thanh Hóa
Vũ Thị Điệp,1997,Nữ,Điện Biên
Lê Văn Lâm Phong,1988,Nam,Ninh Thuận
Huỳnh Văn Trọng,1966,Nam,Ninh Thuận
Cao Văn Đăng,1995,Nam,Thừa Thiên Huế
Hoàng Văn Khánh,1983,Nam,Lạng Sơn
Nguyễn Thị Thúy Hằng,1988,Nữ,Bình Phước
Hoàng Thị Hà,1976,Nữ,Ninh Bình
Hồ Văn Ngọc Hiếu,1994,Nam,Tiền Giang
Nguyễn Hoàng Thảo Hương,2000,Nữ,Tây Ninh
Bùi Đỗ Ngọc Hiếu,1970,Nam,Trà Vinh
Lý Thị Thu Hường,1994,Nữ,Khánh Hòa
Lê Trần Đông Nga,1993,Nữ,Quảng Ninh
Hồ Thị Quỳnh Chi,1990,Nữ,Bà Rịa-Vũng Tàu
Nguyễn Văn Hòa,1992,Nam,Cao Bằng
Phan Văn Sơn,1996,Nam,Điện Biên
Hoàng Thị Linh,1988,Nữ,Bắc Ninh
Ngô Văn Dũng,1970,Nam,Long An
Phan Văn Hải Đăng,2002,Nam,Lai Châu
Vũ Thị My,1995,Nữ,Thanh Hóa
Phạm Thị Yến,2010,Nữ,Điện Biên
Lê Thị My,2004,Nữ,Bà Rịa-Vũng Tàu
Trần Thị Hương,1983,Nữ,Gia Lai
Lê Thị Linh,1991,Nữ,Đắk Nông
Bùi Thị Thu,1998,Nữ,Kiên Giang
Hoàng Văn Nhật,1992,Nam,Phú Yên
Lý Hoàng Thiên An,1984,Nữ,Quảng Bình
Vũ Văn Tài,1968,Nam,Bình Định
Phạm Văn Dương,1978,Nam,Hậu Giang
Trần Phạm Thúy Kiều,1995,Nữ,Quảng Bình
Hồ Văn Kiên,1986,Nam,Tiền Giang
Đặng Thị Ngọc,1976,Nữ,Yên Bái
Phan Thị Chi,1997,Nữ,Thanh Hóa
Lý Đặng Phương Thảo,1953,Nữ,Lạng Sơn
Phan Thị Liên,1993,Nữ,Đồng Tháp
Đỗ Thị Trang Bích,1976,Nữ,Nghệ An
Lương Thị Nguyệt,1978,Nữ,Bắc Giang
Lý Thị Hương,1977,Nữ,Lào Cai
Nguyễn Hồ Uyên Chi,1987,Nữ,Bình Dương
Dương Văn Tuấn Anh,1990,Nam,Kiên Giang
Trần Dương Quỳnh Anh,1974,Nữ,Sơn La
Bùi Văn Cao Thắng,1994,Nam,Điện Biên
Cao Thị Ngân,2004,Nữ,Đồng Tháp
Phan Đặng Ngọc Hiếu,1954,Nam,Cà Mau
Huỳnh Thị Hương Giang,1985,Nữ,Bình Định
Phạm Thị Nguyệt,1989,Nữ,TP. Hồ Chí Minh
Đỗ Lương Thọ Phát,1979,Nam,Bạc Liêu
Phạm Thị Ân Hạ,1993,Nữ,Tây Ninh
Trần Văn Tài,1984,Nam,Đắk Lắk
Cao Thị Lan,2008,Nữ,Bạc Liêu
Lê Văn Dương,1985,Nam,Sóc Trăng
Phan Văn Hải Đăng,1967,Nam,Lào Cai
Ngô Thị Trang,1996,Nữ,Hưng Yên
Vũ Văn Cường,1981,Nam,Ninh Bình
Ngô Thị Hằng,2009,Nữ,TP. Hồ Chí Minh
Đỗ Văn Gia Bảo,1989,Nam,Phú Yên
Dương Trần Sơn Tùng,1988,Nam,Đồng Nai
Phan Phạm Yến Nhung,1954,Nữ,Thừa Thiên Huế
Trần Thị Thủy Tiên,2008,Nữ,Hà Tĩnh
Đỗ Thị Lan,1984,Nữ,Tiền Giang
Phan Thị Hồng,1984,Nữ,Bà Rịa-Vũng Tàu
Lương Thị Quyên,1962,Nữ,Cà Mau
Hoàng Huỳnh Như Quỳnh,1980,Nữ,Đà Nẵng
Dương Thị My,1974,Nữ,Bắc Giang
Huỳnh Bùi Thành Đạt,1992,Nam,Thái Nguyên
Đặng Thị Nga,1992,Nữ,Lạng Sơn
Đỗ Trần Ân Hạ,2003,Nữ,Thanh Hóa
Đặng Văn Thành,1992,Nam,Vĩnh Long
Huỳnh Thị Uyên,2002,Nữ,Trà Vinh
Cao Dương Uyên Chi,2003,Nữ,Cà Mau
Hoàng Thị Hà,1996,Nữ,Bạc Liêu
Huỳnh Văn Khoa,1993,Nam,An Giang
Cao Văn Tùng,1978,Nam,Quảng Ninh
Hoàng Văn Phúc,1982,Nam,Long An
Dương Văn Tâm,1989,Nam,An Giang
Vũ Thị Trang,1975,Nữ,Điện Biên
Lê Văn Thành,1992,Nam,Đồng Tháp
Hồ Phan Xuân Thảo,1991,Nữ,An Giang
Ngô Lê Thảo My,2002,Nữ,Quảng Bình
Ngô Đặng Loan Mai,1994,Nữ,Lâm Đồng
Đỗ Văn Minh,2002,Nam,TP. Hồ Chí Minh
Phạm Văn Tuấn Anh,1996,Nam,TP. Hồ Chí Minh
Ngô Thị Đan Trang,2002,Nữ,Đắk Nông
Huỳnh Thị Tuyết Nhung,1970,Nữ,Cần Thơ
Trần Thị Thủy Thanh,2001,Nữ,Bắc Giang
Đỗ Thị Nguyên Mai,2001,Nữ,Hải Phòng
Ngô Văn Lâm Phong,1985,Nam,Quảng Nam
Đỗ Đặng Nam Trung,1990,Nam,Bắc Kạn
Hồ Thị Ngọc,1988,Nữ,Bắc Ninh
Ngô Trần Nhật Minh,1991,Nam,Sóc Trăng
Đặng Văn Hải,1985,Nam,Hải Dương
Lý Văn Quân Đạt,1971,Nam,Bến Tre
Nguyễn Bùi Trọng Đại,1982,Nam,Tuyên Quang
Huỳnh Thị Uyên Thư,2003,Nữ,Thanh Hóa
Lê Huỳnh Thủy Tiên,1996,Nam,Quảng Trị
Đỗ Thị Xuân Lan,2000,Nữ,Điện Biên
Phạm Lý Phương Thảo,1982,Nữ,Quảng Trị
Lương Văn Hà,1970,Nam,Long An
Phan Thị Hoài,1983,Nữ,An Giang
Hồ Văn Kiên,2000,Nam,Quảng Bình
Đặng Cao Trinh Hương,1990,Nữ,Thái Bình
Lê Thị Thủy,1979,Nữ,Hòa Bình
Hoàng Văn Nam Trung,1995,Nam,Vĩnh Long
Lý Văn Hòa,2002,Nam,Ninh Thuận
Đặng Thị Thi,1996,Nữ,Tuyên Quang
Dương Thị Hằng Nga,1964,Nữ,Ninh Bình
Đặng Thị Hoài,1986,Nữ,Bình Thuận
Dương Thị An,2000,Nữ,Phú Thọ
Dương Thị Uyên Nhi,1986,Nữ,Khánh Hòa
Hồ Văn Trọng,1996,Nam,Ninh Thuận
Ngô Văn Quốc,1965,Nam,Bình Phước
Phan Lê Quỳnh Anh,2005,Nữ,Đồng Nai
Đặng Thị My Linh,1997,Nữ,Thừa Thiên Huế
Phạm Hồ Gia Bảo,2005,Nam,Gia Lai
Cao Thị Đan Trang,1996,Nữ,Cần Thơ
Phan Văn Tuấn,1987,Nam,Điện Biên
Cao Thị Đông,2004,Nữ,Sóc Trăng
Đỗ Văn Nhật Minh,1983,Nam,Cà Mau
Phan Thị Phương,1996,Nữ,Tuyên Quang
Dương Hồ Gia Bảo,1994,Nam,Bình Dương
Huỳnh Lê Phúc An,1993,Nam,Quảng Ninh
Hồ Đặng Việt Hùng,1988,Nam,Bạc Liêu
Lương Thị Ngân Hà,1991,Nữ,Vĩnh Phúc
Phạm Thị Thiên An,2007,Nữ,Hà Giang
Đỗ Huỳnh Yến Nhung,2004,Nữ,Cần Thơ
Vũ Văn Thủy Tiên,1997,Nam,Tiền Giang
Ngô Văn Duy Hải,1982,Nam,Đồng Tháp
Ngô Văn Văn,1955,Nam,Bắc Giang
Huỳnh Văn Hoàng Nam,2005,Nam,Lai Châu
Lý Thị Hương,1967,Nữ,Phú Yên
Phạm Thị Dung Hà,2002,Nữ,Quảng Ngãi
Dương Văn Thắng,1964,Nam,Điện Biên
Hồ Văn Trọng,2001,Nam,Gia Lai
Nguyễn Ngô Loan Bích,1955,Nữ,Vĩnh Long
Phạm Thị Quỳnh Trang,1965,Nữ,Lâm Đồng
Hồ Văn Nhật Minh,1996,Nam,Tiền Giang
Lê Thị Xuân,1971,Nữ,Bắc Ninh
Bùi Văn Đức,2003,Nam,TP. Hồ Chí Minh
Cao Văn Bình,1966,Nam,Sơn La
Hoàng Thị Loan Nguyễn,1995,Nữ,Bình Phước
Phan Văn Phúc An,1971,Nam,Bình Định
Trần Nguyễn Long Thành,1985,Nam,Vĩnh Long
Huỳnh Thị Quỳnh Hương,1998,Nữ,Tuyên Quang
Lý Thị Quỳnh Hương,2003,Nữ,An Giang
Hoàng Thị Thúy,1984,Nữ,Hòa Bình
Nguyễn Lý Trang Ngọc,1988,Nữ,Thái Bình
Vũ Hoàng Xuân Lan,1989,Nữ,Bến Tre
Huỳnh Văn Đức,1988,Nam,Kon Tum
Hoàng Bùi Ẩn Thư,1999,Nữ,Phú Yên
Đặng Thị Trang,2001,Nữ,Nghệ An
Dương Văn Trung,1998,Nam,Nghệ An
Nguyễn Thị Như,1990,Nữ,Quảng Ngãi
Cao Thị Quỳnh,2001,Nữ,Đà Nẵng
Phan Thị Ái,1991,Nữ,Thanh Hóa
Hồ Thị Thúy Hạnh,1995,Nữ,Bà Rịa-Vũng Tàu
Lê Thị Thúy,1988,Nữ,Đà Nẵng
Trần Thị Trinh Thảo,1999,Nữ,Vĩnh Long
Đỗ Văn Đăng,2002,Nam,Kiên Giang
Đỗ Dương Xuân Hòa,1985,Nam,Cao Bằng
Hồ Thị Hương,2004,Nữ,Lai Châu
Đặng Thị Như,1947,Nữ,Lai Châu
Huỳnh Thị Kim,1965,Nữ,Thái Nguyên
Phan Lê Chi Mai,1975,Nữ,Bắc Kạn
Cao Thị Hạnh,1993,Nữ,Hà Tĩnh
Cao Thị Thu,1987,Nữ,Quảng Ngãi
Phan Thị Mi,1998,Nữ,Cần Thơ
Đặng Thị Yến,1991,Nữ,Bạc Liêu
Ngô Trần Thu Huyền,2001,Nữ,Đà Nẵng
Đỗ Lê Quân Đạt,1998,Nam,Sơn La
Đỗ Thị Thảo,2004,Nữ,Bắc Ninh
Vũ Thị Thiên Kim,1994,Nữ,Lào Cai
Hồ Cao Anh Tuấn,2002,Nam,Yên Bái
Vũ Thị Uyên Nhi,1987,Nữ,An Giang
Vũ Huỳnh Thành Đạt,2004,Nam,Thanh Hóa
Đỗ Đặng Trinh Hương,1965,Nữ,Thanh Hóa
Dương Văn Hoàng Nam,1974,Nam,Vĩnh Long
Hồ Văn Cao Minh,1997,Nam,Hà Nam
Hồ Thị Hằng,2001,Nữ,Tiền Giang
Lý Thị Ngọc,2004,Nữ,Quảng Ninh
Phạm Văn Trọng,1990,Nam,Quảng Bình
Hoàng Dương Thảo My,1964,Nữ,Vĩnh Phúc
Đặng Thị An,1997,Nữ,Phú Thọ
Cao Thị Lan,1981,Nữ,Thái Nguyên
Đặng Thị Đan,2002,Nữ,Lai Châu
Hồ Văn Việt,1988,Nam,Bắc Kạn
Ngô Thị Yến Nhung,1981,Nữ,Vĩnh Long
Ngô Lương Tuấn Anh,1994,Nam,Thanh Hóa
Trần Văn Ngọc Hiếu,1982,Nam,Lâm Đồng
Cao Vũ Nam Trung,1998,Nam,Hà Tĩnh
Đỗ Thị Ẩn,1945,Nữ,Ninh Bình
Trần Văn Hòa,1998,Nam,Kon Tum
Phan Thị Đào Mai,1985,Nữ,Lai Châu
Lê Ngô Hùng Anh,1989,Nam,Bình Dương
Hồ Văn Dũng,1994,Nam,Cao Bằng
Vũ Thị Yến,2003,Nữ,Ninh Thuận
Đặng Thị Ngọc,2000,Nữ,Phú Yên
Phạm Văn Duy Hải,2001,Nam,Quảng Trị
Phạm Thị Ngọc,2001,Nữ,Hưng Yên
Hồ Thị Uyên,1993,Nữ,Yên Bái
Cao Lương Trang Bích,1987,Nữ,Bà Rịa-Vũng Tàu
Trần Phan Thủy Tiên,1993,Nam,Bến Tre
Hoàng Thị Đan Thùy,1989,Nữ,Hải Dương
Lý Cao Yến Chi,1985,Nữ,Điện Biên
Bùi Vũ Duy Hải,1992,Nam,Long An
Trần Thị Loan,1994,Nữ,Quảng Nam
Hồ Ngô Ngọc Hiếu,1995,Nam,Gia Lai
Cao Đặng Ngọc Hà,2004,Nữ,Tuyên Quang
Hoàng Lê Gia Bảo,1986,Nam,Cao Bằng
Lý Thị Tuyết Mai,1995,Nữ,Đà Nẵng
Vũ Lê Thọ Phát,1991,Nam,Phú Thọ
Đặng Dương Thu Huyền,1977,Nữ,Cần Thơ
Nguyễn Văn Lương,1999,Nam,Thái Nguyên
Đặng Thị Mi,1947,Nữ,Bắc Ninh
Dương Văn Khánh Hòa,2008,Nam,Bắc Kạn
Phan Thị Hồng Hạnh,1988,Nữ,Đồng Tháp
Nguyễn Phạm Trinh Thảo,1991,Nữ,Đồng Tháp
Cao Đỗ Xuân Mai,1991,Nữ,Yên Bái
Nguyễn Văn Nam,1974,Nam,Bến Tre
Hồ Văn Tâm,1992,Nam,Gia Lai
Lương Văn Cường,1985,Nam,Hà Tĩnh
Cao Văn Lương,1968,Nam,Hà Giang
Đỗ Thị Linh,2002,Nữ,Cần Thơ
Cao Thị Ngọc Anh,2004,Nữ,Thái Nguyên
Phan Văn Sơn Tùng,1967,Nam,Tuyên Quang
Lê Văn Hoàng,2002,Nam,Quảng Ninh
Lý Thị Điệp,1951,Nữ,Thanh Hóa
Hồ Phan Thiên Nga,1995,Nữ,Bình Định
Bùi Thị Ái,1997,Nữ,Sơn La
Huỳnh Văn Hạnh,1960,Nam,Tuyên Quang
Lê Thị Thủy,1991,Nữ,Lai Châu
Dương Văn Ngọc Hiếu,1997,Nam,Nghệ An
Cao Văn Đạt,1995,Nam,Hậu Giang
Vũ Văn Tùng,1985,Nam,Hải Dương
Nguyễn Văn Duy Hải,1991,Nam,Khánh Hòa
Hoàng Thị Lan,1967,Nữ,Tây Ninh
Lý Dương Đào Mai,2002,Nữ,Bến Tre
Đặng Thị Yến Nhi,1967,Nữ,Phú Yên
Bùi Văn Minh Tuấn,2010,Nam,Cao Bằng
Lý Văn Phong,1986,Nam,Hà Tĩnh
Trần Văn Nguyên Hoàng,2000,Nam,TP. Hồ Chí Minh
Vũ Thị Xuân Lan,1966,Nữ,Cao Bằng
Lê Văn Dương,1994,Nam,Hải Dương
Huỳnh Thị Hằng,1983,Nữ,Sóc Trăng
Huỳnh Hoàng Hoài An,1999,Nữ,Bắc Kạn
Đỗ Huỳnh Yến Chiến,1991,Nam,Thái Nguyên
Đặng Đỗ Văn Kiên,1988,Nam,Phú Yên
Lý Thị Kim Loan,1995,Nữ,Nam Định
Hồ Văn Yến Chiến,1989,Nam,Quảng Ninh
Ngô Thị Chi Mai,1978,Nữ,Long An
Huỳnh Dương Ân Hạ,1989,Nữ,Quảng Trị
Lý Văn Việt,2001,Nam,Đắk Nông
Huỳnh Văn Tuấn,2010,Nam,Trà Vinh
Nguyễn Văn Cường,1972,Nam,Yên Bái
Nguyễn Văn Thịnh,2004,Nam,Cao Bằng
Cao Văn Phúc An,2008,Nam,Gia Lai
Đặng Văn Hoàng,1977,Nam,Bạc Liêu
Hồ Văn Danh,1989,Nam,Bình Định
Phạm Văn Sơn Tùng,1995,Nam,Trà Vinh
Vũ Thị Hồng Anh,1999,Nữ,Lâm Đồng
Lý Thị Đào Mai,1974,Nữ,Yên Bái
Phan Thị Kim,1990,Nữ,Vĩnh Long
Phan Văn Lương,1989,Nam,Lâm Đồng
Phạm Văn Lâm Phong,1980,Nam,Kiên Giang
Phan Hoàng Ẩn Thi,2001,Nữ,Thừa Thiên Huế
Trần Thị Điệp,1988,Nữ,Bà Rịa-Vũng Tàu
Ngô Bùi Quốc Bảo,1968,Nam,Tây Ninh
Bùi Phạm Hùng Anh,1985,Nam,Phú Thọ
Phạm Thị Quyên Nguyễn,1982,Nữ,Nghệ An
Huỳnh Ngô Lan Anh,1991,Nữ,Hà Tĩnh
Đặng Lý Lâm Phong,1973,Nam,Quảng Ninh
Hoàng Bùi Ẩn Mai,1994,Nữ,Long An
Huỳnh Đỗ Duy Khánh,1990,Nam,Thừa Thiên Huế
Lý Văn Khoa,1991,Nam,Đà Nẵng
Nguyễn Văn Đạt,1999,Nam,Tây Ninh
Huỳnh Thị My Linh,1946,Nữ,Thái Bình
Vũ Văn Hòa,1987,Nam,Quảng Bình
Ngô Thị Ái,1987,Nữ,Đắk Nông
Dương Thị Lan Anh,1978,Nữ,Vĩnh Long
Đặng Trần Nguyên Hoàng,1979,Nam,Hà Nam
Đặng Văn Long,1971,Nam,Kon Tum
Ngô Thị Thu,1987,Nữ,Đắk Nông
Đặng Văn Phúc An,1984,Nam,Quảng Trị
Huỳnh Văn Hải Đăng,2004,Nam,Đắk Nông
Bùi Dương Nga Nguyễn,1991,Nữ,Hưng Yên
Cao Thị Liên,1996,Nữ,Ninh Bình
Đỗ Văn Thành,1992,Nam,Tuyên Quang
Dương Văn Dũng,1991,Nam,Hải Phòng
Đặng Văn Tài,1974,Nam,Bà Rịa-Vũng Tàu
Lý Văn Việt,1966,Nam,Bình Định
Cao Thị Hương,1989,Nữ,Long An
Lê Bùi Thảo Nguyên,2009,Nữ,Bình Phước
Cao Văn Thắng,1992,Nam,Hải Dương
Dương Thị Uyên Nhi,2001,Nữ,Đồng Nai
Dương Văn Khánh,1991,Nam,Quảng Trị
Hồ Thị Ngọc Diệp,1979,Nữ,Bình Phước
Lương Văn Long Thành,1965,Nam,Hải Dương
Lương Văn Hòa,1973,Nam,Điện Biên
Vũ Hồ Thủy Tiên,1967,Nam,Hải Phòng
Trần Bùi Hương Giang,1989,Nữ,Hà Tĩnh
Trần Thị Thủy Tiên,1985,Nữ,Hà Nội
Lê Văn Phong,2001,Nam,Đắk Lắk
Phan Thị Như,2001,Nữ,Khánh Hòa
Lý Thị Xuân Lan,1988,Nữ,Bình Phước
Bùi Thị Tuyết,1997,Nữ,Bình Định
Lương Văn Hạnh,1965,Nam,Đắk Nông
Ngô Văn Quốc Bảo,2008,Nam,Hậu Giang
Trần Bùi Đông Nga,1997,Nữ,Thái Nguyên
Vũ Văn Trung,1994,Nam,Hà Giang
Nguyễn Văn Phong Thanh,2001,Nam,Long An
Hoàng Thị Quỳnh Hương,2002,Nữ,Nghệ An
Phạm Thị Trang Anh,2003,Nữ,Hà Giang
Đặng Vũ Nhật Minh,1969,Nam,Tiền Giang
Trần Lý Quốc Bảo,2000,Nam,Trà Vinh
Trần Thị Uyên,1983,Nữ,Hà Nam
Phạm Văn Đăng,1974,Nam,Bình Thuận
Lê Thị Hồng,1971,Nữ,Lai Châu
Phan Thị Nguyên Mai,1978,Nữ,Nghệ An
Ngô Văn Thịnh,2009,Nam,Bắc Kạn
Lương Văn Lực,1993,Nam,Khánh Hòa
Đặng Thị Điệp,1985,Nữ,Đắk Nông
Hồ Văn Yến Chiến,1985,Nam,Lạng Sơn
Lý Thị An,1993,Nữ,Bình Phước
Huỳnh Thị Thúy Hạnh,1994,Nữ,Tiền Giang
Hồ Văn Danh,1990,Nam,An Giang
Cao Hồ Ngân Hà,2004,Nữ,Đồng Tháp
Phạm Phan Anh Dũng,1999,Nam,Bắc Giang
Dương Thị Mi,1965,Nữ,Hải Phòng
Bùi Thị Trang,1991,Nữ,Bà Rịa-Vũng Tàu
Hoàng Thị Phương Anh,1995,Nữ,Hải Dương
Nguyễn Lý Quỳnh Anh,1988,Nữ,Lâm Đồng
Ngô Lý Ân Ngọc,1965,Nữ,Ninh Bình
Cao Văn Hòa,1947,Nam,Bình Phước
Đặng Văn Lâm Phong,2003,Nam,Quảng Nam
Đỗ Thị Hương,1979,Nữ,Quảng Bình
Ngô Thị Thiên An,1998,Nữ,Đà Nẵng
Dương Vũ Thiên Nga,1986,Nữ,Đắk Lắk
Lê Thị Hương,1969,Nữ,Vĩnh Phúc
Hoàng Văn Gia Bảo,1969,Nam,Hà Nội
Vũ Văn Lực,2009,Nam,Trà Vinh
Huỳnh Văn Gia Bảo,1994,Nam,Tiền Giang
Phan Thị Nguyên Linh,1986,Nữ,Quảng Trị
Lương Bùi Trang Ngọc,1999,Nữ,Cần Thơ
Vũ Dương Thảo My,1979,Nữ,Vĩnh Phúc
Đỗ Phan Phương Oanh,1982,Nữ,Long An
Đặng Phạm Đông Trà,1973,Nữ,Bình Phước
Hoàng Văn Phong,2009,Nam,Bắc Giang
Phạm Trần Thọ Phát,2001,Nam,Cao Bằng
Cao Hồ Sơn Tùng,2006,Nam,Tây Ninh
Cao Văn Ngọc,1987,Nam,Long An
Huỳnh Văn Dũng,1988,Nam,Tuyên Quang
Hoàng Thị Phương Oanh,1984,Nữ,Tiền Giang
Phan Nguyễn Ái Vy,2004,Nữ,Yên Bái
Dương Ngô Vinh Phúc,1992,Nam,Ninh Bình
Dương Văn Tuấn Anh,2008,Nam,Quảng Nam
Đỗ Văn Ngọc Hiếu,1979,Nam,Yên Bái
Huỳnh Lý Nam Trung,2008,Nam,Đồng Tháp
Lý Thị Trang,1946,Nữ,Đắk Nông
Nguyễn Bùi Xuân Thảo,1986,Nữ,Sơn La
Huỳnh Hồ Minh Tuấn,2000,Nam,Quảng Ngãi
Hồ Văn Bảo Ngọc,1991,Nam,Bạc Liêu
Đặng Thị Quỳnh,1996,Nữ,Ninh Bình
Huỳnh Thị Thi,1999,Nữ,Bắc Kạn
Huỳnh Thị Trinh Thảo,1972,Nữ,Đắk Nông
Phan Văn Tâm,1949,Nam,Điện Biên
Lê Thị Thủy,2006,Nữ,Hà Nam
Đỗ Văn Quân,2000,Nam,Sóc Trăng
Bùi Văn Nguyên Hoàng,2004,Nam,Lâm Đồng
Cao Thị Oanh,1985,Nữ,Kiên Giang
Trần Văn Cao Minh,1986,Nam,Nam Định
Phạm Lê Phong Thanh,1992,Nam,Yên Bái
Huỳnh Thị Hạnh,2007,Nữ,Ninh Thuận
Hoàng Thị Chi,1970,Nữ,Bắc Kạn
Trần Văn Lâm Phong,2002,Nam,Ninh Thuận
Đặng Văn Trung,2007,Nam,Hưng Yên
Bùi Văn Hùng,1986,Nam,Vĩnh Phúc
Phan Thị Hoài An,1982,Nữ,Sơn La
Đỗ Thị Đoan,1995,Nữ,Yên Bái
Nguyễn Thị Ẩn,1951,Nữ,Khánh Hòa
Vũ Thị Anh Thư,1955,Nữ,Quảng Nam
Cao Ngô Đông Trà,1973,Nữ,Thái Bình
Dương Huỳnh Quyên Nguyễn,2005,Nữ,Hưng Yên
Lý Thị Ngọc,1978,Nữ,Bắc Kạn
Vũ Dương Anh Thư,2000,Nữ,Phú Yên
Huỳnh Thị Mi,1980,Nữ,Bình Thuận
Hoàng Cao Đức Anh,2003,Nam,Cà Mau
Lương Văn Trọng Đại,1987,Nam,Bắc Giang
Dương Văn Hoàng Nam,2000,Nam,Đồng Nai
Trần Văn Tuấn,1987,Nam,Gia Lai
Phạm Thị Chi,1997,Nữ,Bình Thuận
Lương Đặng Lan Anh,1950,Nữ,Thừa Thiên Huế
Ngô Lý Loan Mai,1994,Nữ,Tuyên Quang
Lương Văn Quân,1987,Nam,Bình Phước
Dương Phạm Nam Trung,1995,Nam,Nam Định
Ngô Đặng Hùng Anh,1990,Nam,Vĩnh Long
Đỗ Thị Trinh Hương,1967,Nữ,Đà Nẵng
Dương Văn Hùng,1981,Nam,Hà Giang
Lê Thị Trang,1987,Nữ,Lâm Đồng
Đặng Văn Hòa,1990,Nam,Quảng Ngãi
Hồ Văn Việt Hùng,1988,Nam,Đồng Nai
Hoàng Thị Thi,1983,Nữ,Long An
Đặng Thị Thúy,1986,Nữ,Tây Ninh
Phạm Văn Long,1968,Nam,Nam Định
Trần Văn Hoàng Nam,2004,Nam,TP. Hồ Chí Minh
Phạm Thị Nga Nguyễn,1996,Nữ,Hà Giang
Hoàng Văn Trung,1970,Nam,An Giang
Bùi Đỗ Cao Thắng,1988,Nam,Thái Bình
Phạm Văn Vinh,1993,Nam,Kiên Giang
Hoàng Huỳnh Đào Thanh,1980,Nữ,Quảng Trị
Dương Văn Nam,1997,Nam,Bắc Ninh
Trần Hoàng Sơn Tùng,1967,Nam,Thừa Thiên Huế
Vũ Thị Diễm,2005,Nữ,Ninh Bình
Đặng Thị Mi Di,1975,Nữ,Bạc Liêu
Lương Thị Hồng Anh,1967,Nữ,Cần Thơ
Nguyễn Thị Đào,1991,Nữ,Thừa Thiên Huế
Đỗ Đặng Nguyệt Ánh,2000,Nữ,Thái Nguyên
Phan Bùi Hải Đăng,1980,Nam,Đắk Nông
Lý Ngô Sơn Tùng,1992,Nam,Tây Ninh
Cao Văn Hùng,1985,Nam,Hà Nam
Trần Văn Phong Thanh,1996,Nam,Ninh Thuận
Lý Cao Khánh Hòa,1992,Nam,TP. Hồ Chí Minh
Vũ Thị Liên,1977,Nữ,Nghệ An
Đặng Thị Ngọc,2009,Nữ,Quảng Ngãi
Ngô Văn Tân,1993,Nam,Khánh Hòa
Lý Dương Nam Trung,1986,Nam,Hà Tĩnh
Ngô Văn Trọng,1994,Nam,Kiên Giang
Dương Thị Điệp,2003,Nữ,Vĩnh Phúc
Cao Văn Khoa,1988,Nam,Quảng Ngãi
Hồ Thị Uyên,1998,Nữ,Bình Thuận
Phạm Thị Diễm,2007,Nữ,Bạc Liêu
Lương Phan Phương Oanh,1994,Nữ,Tuyên Quang
Hồ Văn Khánh,1973,Nam,Thái Bình
Đỗ Văn Thành,1966,Nam,Đồng Tháp
Cao Văn Thọ Phát,1997,Nam,Bến Tre
Đặng Văn Trung,1951,Nam,Bà Rịa-Vũng Tàu
Dương Đặng Như Quỳnh,1988,Nữ,Trà Vinh
Lý Văn Hòa,1976,Nam,Ninh Bình
Đỗ Thị Xuân,1986,Nữ,Cao Bằng
Phan Văn Sơn,1976,Nam,Quảng Ngãi
Lê Văn Tuấn,1985,Nam,Bắc Ninh
Phan Văn Tùng,1983,Nam,Khánh Hòa
Bùi Văn Dương,2004,Nam,Quảng Trị
Lý Thị Anh Thư,1977,Nữ,Quảng Trị
Phạm Trần Nam Trung,1968,Nam,Bình Phước
Phạm Văn Gia,1995,Nam,Cao Bằng
Phan Thị Đông,1999,Nữ,Thanh Hóa
Lương Thị Đào,1995,Nữ,Bắc Kạn
Hồ Văn Hải,2004,Nam,Điện Biên
Hoàng Trần Thảo Nguyên,1984,Nữ,Vĩnh Long
Bùi Trần Bảo Ngọc,1968,Nam,Hà Giang
Huỳnh Thị Hạnh,1980,Nữ,Bình Thuận
Lê Văn Anh Dũng,2003,Nam,An Giang
Dương Đặng Quỳnh Hương,1998,Nữ,Ninh Bình
Đặng Văn Hoàng,1994,Nam,Sóc Trăng
Lương Văn Thịnh,2001,Nam,Hà Tĩnh
Nguyễn Văn Vinh,1988,Nam,Vĩnh Long
Lương Đặng Đại Phong,1951,Nam,Hà Giang
Dương Thị Trinh,1986,Nữ,Hà Nam
Lê Thị Hồng Anh,1997,Nữ,Hải Phòng
Đặng Thị Ngọc,1992,Nữ,Phú Thọ
Đặng Vũ Thảo My,1989,Nữ,Thanh Hóa
Hoàng Văn Bảo Ngọc,1987,Nam,Hà Giang
Huỳnh Ngô Đan Trang,2002,Nữ,Cao Bằng
Phạm Văn Khánh,2000,Nam,Cà Mau
Phạm Thị Điệp,1991,Nữ,Bà Rịa-Vũng Tàu
Ngô Văn Hải,1996,Nam,Bình Định
Hồ Văn Hà,1992,Nam,Nam Định
Dương Thị Đào Thanh,1991,Nữ,Quảng Ninh
Bùi Thị Xuân,1945,Nữ,Bình Định
Dương Thị Diễm,1964,Nữ,Quảng Trị
Phạm Văn Khoa,2001,Nam,Đà Nẵng
Phan Thị Loan Bích,1997,Nữ,Bình Định
Đỗ Hoàng Thúy Hằng,1989,Nữ,Lạng Sơn
Hoàng Thị Bích,1986,Nữ,Ninh Bình
Lý Thị Hằng,1972,Nữ,Bình Phước
Huỳnh Văn Thành Đạt,2002,Nam,Vĩnh Phúc
Lý Văn Nhật Minh,1962,Nam,Quảng Trị
Ngô Thị Ẩn,1970,Nữ,Lai Châu
Lê Ngô Phúc An,1981,Nam,Hà Nội
Lê Thị Đào,1999,Nữ,Hà Nam
Phạm Thị Thúy,1998,Nữ,Bắc Giang
Huỳnh Văn Hoàng Nam,1965,Nam,Đắk Nông
Ngô Văn Hải,2003,Nam,Khánh Hòa
Dương Thị Đoan,1976,Nữ,Cao Bằng
Dương Văn Quân,1987,Nam,Bắc Giang
Bùi Thị Thảo,1982,Nữ,Quảng Bình
Hồ Văn Tài,1967,Nam,Long An
Hoàng Thị Linh,1992,Nữ,Lâm Đồng
Đỗ Văn Khánh,1978,Nam,Tuyên Quang
Lê Văn Nam,1975,Nam,Quảng Bình
Lý Văn Khoa,1995,Nam,Quảng Ninh
Hoàng Thị Phương,1997,Nữ,Cao Bằng
Ngô Thị My,1988,Nữ,Nam Định
Phạm Thị Hạnh,1989,Nữ,Cần Thơ
Lý Cao Phương Thảo,2004,Nữ,Lạng Sơn
Phan Thị Thủy Tiên,2003,Nữ,Sơn La
Cao Vũ Nhật Minh,1955,Nam,Lạng Sơn
Ngô Huỳnh Liên Phương,1975,Nữ,Trà Vinh
Cao Văn Khánh Hòa,2000,Nam,Hòa Bình
Hồ Trần Đào Mai,1991,Nữ,An Giang
Vũ Thị Đoan Hương,1983,Nữ,Trà Vinh
Đặng Văn Văn,1993,Nam,Hà Nội
Lê Đỗ Yến Chiến,1981,Nam,Nam Định
Bùi Thị Quyên,1978,Nữ,TP. Hồ Chí Minh
Lương Văn Trọng Đại,1969,Nam,Hà Tĩnh
Ngô Văn Long Thành,1990,Nam,Thừa Thiên Huế
Huỳnh Cao Long Thành,1965,Nam,Quảng Bình
Lương Thị Thảo,2001,Nữ,Nam Định
Lương Văn Gia Bảo,1974,Nam,Tiền Giang
Nguyễn Văn Kiên,1996,Nam,Bình Phước
Hoàng Thị Liên,1985,Nữ,Ninh Bình
Đặng Văn Gia,1974,Nam,Gia Lai
Huỳnh Văn Danh,1998,Nam,Thái Bình
Lương Văn Nam Trung,1990,Nam,Bắc Giang
Hoàng Văn Hà,2003,Nam,Bến Tre
Ngô Văn Lương,1986,Nam,Bình Dương
Dương Văn Đại Phong,1950,Nam,Khánh Hòa
Lê Lý Thủy Tiên,2009,Nam,Hà Nam
Vũ Đỗ Đào Thanh,1982,Nữ,Thái Bình
Đỗ Hồ Trang Bích,1976,Nữ,Hà Tĩnh
Đặng Ngô Yến Chiến,2001,Nam,Lào Cai
Lê Văn Lâm Phong,1987,Nam,Yên Bái
Hồ Thị Thảo Nguyên,1993,Nữ,Cà Mau
Lê Văn Tâm,2003,Nam,Nghệ An
Ngô Thị Bích,2000,Nữ,Bắc Kạn
Ngô Thị Tuyết,1976,Nữ,Thanh Hóa
